slug,path,cluster,priority,title,primary_keyword,status,publish_date,refresh_due,gsc_clicks_30d,gsc_clicks_90d,notes
are-tiktok-diamonds-real,/blog/are-tiktok-diamonds-real/,1 Investigations,P0,Are the diamonds in TikTok live auctions real?,are tiktok diamond auctions real,published,,,,,
ebay-lab-diamonds-moissanite,/blog/ebay-lab-diamonds-moissanite/,1 Investigations,P0,Blowing the whistle on fake lab diamonds on eBay,ebay lab diamonds moissanite,published,,,,,
temu-amazon-lab-diamond-rings-real,/blog/temu-amazon-lab-diamond-rings-real/,1 Investigations,P1,Are Temu and Amazon lab grown diamond rings real? We bought 20.,temu lab grown diamond real,backlog,,,,,
instagram-facebook-diamond-sellers-real,/blog/instagram-facebook-diamond-sellers-real/,1 Investigations,P1,Are the diamonds sold in Instagram and Facebook DMs real?,instagram diamond seller legit,backlog,,,,,
lab-diamond-price-tracker,/blog/lab-diamond-price-tracker/,1 Investigations,P1,Retail lab diamond price tracker (monthly),lab grown diamond price per carat 2026,backlog,,,,,
jewelry-store-markup-engagement-rings,/blog/jewelry-store-markup-engagement-rings/,1 Investigations,P1,"How much markup is in a jewelry store engagement ring? Same ring, 5 retailers.",jewelry store markup engagement ring,backlog,,,,,
diamond-testers-moissanite,/blog/diamond-testers-moissanite/,1 Investigations,P2,Do cheap diamond testers work on moissanite? We tested 8.,diamond tester moissanite,backlog,,,,,
etsy-lab-diamond-rings-legit,/blog/etsy-lab-diamond-rings-legit/,1 Investigations,P2,Are Etsy lab diamond engagement rings legit?,etsy lab diamond ring legit,backlog,,,,,
verify-diamond-certificate,/blog/verify-diamond-certificate/,1 Investigations,P2,Fake IGI and GIA certificates: verify a report in 60 seconds,verify igi report,backlog,,,,,
same-diamond-igi-gia,/blog/same-diamond-igi-gia/,1 Investigations,P2,We sent the same lab diamond to IGI and GIA,igi vs gia grading difference,backlog,,,,,
as-grown-lab-diamond,/blog/as-grown-lab-diamond/,1 Investigations,P2,What does as-grown lab diamond mean?,as grown lab diamond,backlog,,,,,
mall-jeweler-vs-online-vs-custom,/blog/mall-jeweler-vs-online-vs-custom/,1 Investigations,P3,"Mall jeweler vs online vs custom: $5,000 spent three ways",mall jeweler vs custom,backlog,,,,,
lab-diamond-quality-tiers,/blog/lab-diamond-quality-tiers/,1 Investigations,P3,Lab diamond quality tiers: why a D VVS1 can still look bad,cheap lab diamonds bad quality,backlog,,,,,
tiktok-shop-whatnot-jewelry-auctions,/blog/tiktok-shop-whatnot-jewelry-auctions/,1 Investigations,P3,Are TikTok Shop and Whatnot jewelry auctions worth it?,whatnot diamond auction,backlog,,,,,
engagement-ring-cost,/engagement-ring-cost/,2 Pricing,P1,How much does a custom engagement ring cost in 2026? (hub),custom engagement ring cost,backlog,,2026-12-01,,,
5000-dollar-engagement-ring,/blog/5000-dollar-engagement-ring/,2 Pricing,P1,"What a $5,000 engagement ring gets you in 2026",$5000 engagement ring,published,2026-09-07,2026-12-15,,,
3000-dollar-engagement-ring,/blog/3000-dollar-engagement-ring/,2 Pricing,P1,"What a $3,000 engagement ring gets you in 2026",$3000 engagement ring,backlog,,2026-12-15,,,
10000-dollar-engagement-ring,/blog/10000-dollar-engagement-ring/,2 Pricing,P1,"What a $10,000 engagement ring gets you in 2026",$10000 engagement ring,backlog,,2026-12-15,,,
2-carat-lab-diamond-ring-price,/blog/2-carat-lab-diamond-ring-price/,2 Pricing,P1,2 carat lab grown diamond ring price in 2026,2 carat lab grown diamond ring price,backlog,,2026-12-15,,,
custom-ring-setting-cost,/blog/custom-ring-setting-cost/,2 Pricing,P1,How much does a custom ring setting cost without the stone?,custom ring setting cost,backlog,,2026-12-15,,,
2000-dollar-engagement-ring,/blog/2000-dollar-engagement-ring/,2 Pricing,P2,"What a $1,500 to $2,000 engagement ring gets you",engagement ring under 2000,backlog,,2026-12-15,,,
20000-dollar-engagement-ring,/blog/20000-dollar-engagement-ring/,2 Pricing,P2,"What a $20,000+ engagement ring gets you",20k engagement ring,backlog,,2026-12-15,,,
1-carat-lab-diamond-ring-price,/blog/1-carat-lab-diamond-ring-price/,2 Pricing,P2,1 carat lab diamond ring price in 2026,1 carat lab grown diamond ring price,backlog,,2026-12-15,,,
3-carat-lab-diamond-ring-price,/blog/3-carat-lab-diamond-ring-price/,2 Pricing,P2,3 carat lab diamond ring price in 2026,3 carat lab diamond ring cost,backlog,,2026-12-15,,,
gold-price-engagement-rings,/blog/gold-price-engagement-rings/,2 Pricing,P2,"Why gold at $4,700 an ounce changed engagement ring prices",gold price engagement ring,backlog,,2026-12-15,,,
is-custom-engagement-ring-more-expensive,/blog/is-custom-engagement-ring-more-expensive/,2 Pricing,P2,Is a custom engagement ring more expensive than buying one?,is custom more expensive,backlog,,2026-12-15,,,
how-much-to-spend-engagement-ring,/blog/how-much-to-spend-engagement-ring/,2 Pricing,P2,How much should you spend on an engagement ring?,how much to spend on engagement ring,backlog,,2026-12-15,,,
lab-vs-natural-diamond-price,/blog/lab-vs-natural-diamond-price/,2 Pricing,P2,Lab vs natural diamond price comparison by carat,lab vs natural diamond price,backlog,,2026-12-15,,,
engagement-ring-payment-plans,/blog/engagement-ring-payment-plans/,2 Pricing,P3,Engagement ring deposits and payment plans,engagement ring payment plan,backlog,,2026-12-15,,,
platinum-vs-18k-vs-14k-price,/blog/platinum-vs-18k-vs-14k-price/,2 Pricing,P3,Platinum vs 18k vs 14k gold: real price difference on the same ring,platinum vs white gold price,backlog,,2026-12-15,,,
average-engagement-ring-cost,/blog/average-engagement-ring-cost/,2 Pricing,P3,Average engagement ring cost 2026,average engagement ring cost 2026,backlog,,2026-12-15,,,
design-custom-engagement-ring-online,/blog/design-custom-engagement-ring-online/,3 Process,P1,"How to design a custom engagement ring online, step by step",design custom engagement ring online,backlog,,,,,
how-long-custom-engagement-ring-takes,/blog/how-long-custom-engagement-ring-takes/,3 Process,P1,How long does a custom engagement ring take? Real timelines,how long does a custom engagement ring take,published,2026-09-07,,,,
wax-model-ring-try-on,/blog/wax-model-ring-try-on/,3 Process,P1,What is a wax model try-on?,ring wax model,published,2026-09-07,,,,
cad-engagement-ring-design,/blog/cad-engagement-ring-design/,3 Process,P1,CAD engagement ring design: what renders show and hide,cad engagement ring design,backlog,,,,,
custom-vs-customizable-ring,/blog/custom-vs-customizable-ring/,3 Process,P1,Custom vs customizable: why a ring builder is not a custom ring,ring builder vs custom,published,2026-09-07,,,,
copy-ring-from-pinterest,/blog/copy-ring-from-pinterest/,3 Process,P2,Can a jeweler copy a ring from Pinterest or Instagram?,copy engagement ring from picture,backlog,,,,,
custom-jeweler-red-flags,/blog/custom-jeweler-red-flags/,3 Process,P2,Red flags when hiring a custom jeweler,custom jeweler red flags,backlog,,,,,
custom-ring-consultation,/blog/custom-ring-consultation/,3 Process,P2,What to bring to your first custom ring consultation,custom ring consultation,backlog,,,,,
custom-ring-design-revisions,/blog/custom-ring-design-revisions/,3 Process,P2,How many rounds a custom ring design really takes,ring design revisions,backlog,,,,,
made-to-order-vs-inventory,/blog/made-to-order-vs-inventory/,3 Process,P2,Made to order vs made from inventory,made to order engagement ring,backlog,,,,,
find-ring-size-secretly,/blog/find-ring-size-secretly/,3 Process,P2,How to secretly find her ring size: 7 methods ranked,how to find ring size secretly,backlog,,,,,
appraisal-vs-grading-report,/blog/appraisal-vs-grading-report/,3 Process,P3,Engagement ring appraisal vs grading report,engagement ring appraisal,backlog,,,,,
insure-custom-engagement-ring,/blog/insure-custom-engagement-ring/,3 Process,P3,How to insure a custom engagement ring,engagement ring insurance,backlog,,,,,
can-custom-ring-be-resized,/blog/can-custom-ring-be-resized/,3 Process,P3,Can a custom ring be resized later?,can engagement rings be resized,backlog,,,,,
rush-custom-engagement-ring,/blog/rush-custom-engagement-ring/,3 Process,P3,"Rush custom engagement rings: 2, 3 and 4 weeks",rush engagement ring,backlog,,,,,
ship-engagement-ring-internationally,/blog/ship-engagement-ring-internationally/,3 Process,P3,Shipping an engagement ring internationally,ship engagement ring internationally,backlog,,,,,
who-makes-your-ring,/blog/who-makes-your-ring/,3 Process,P3,Who actually makes your ring?,how engagement rings are made,backlog,,,,,
engagement-ring-styles,/engagement-ring-styles/,4 Styles,P1,Engagement ring styles (hub),engagement ring styles,backlog,,,,,
toi-et-moi-engagement-rings,/blog/toi-et-moi-engagement-rings/,4 Styles,P1,Toi et moi engagement rings: how to design one that works,toi et moi engagement ring,published,2026-09-07,,,,
east-west-engagement-rings,/blog/east-west-engagement-rings/,4 Styles,P1,East-west engagement rings: which cuts work,east west engagement ring,backlog,,,,,
bezel-set-engagement-rings,/blog/bezel-set-engagement-rings/,4 Styles,P1,"Bezel set engagement rings: pros, cons, modern bezels",bezel engagement ring,backlog,,,,,
hidden-halo-engagement-rings,/blog/hidden-halo-engagement-rings/,4 Styles,P1,"Hidden halo engagement rings: what it adds, what it costs",hidden halo engagement ring,backlog,,,,,
oval-engagement-rings,/blog/oval-engagement-rings/,4 Styles,P2,"Oval engagement rings: ratios, bow-tie, settings",oval engagement ring,backlog,,,,,
elongated-cushion-engagement-rings,/blog/elongated-cushion-engagement-rings/,4 Styles,P2,Elongated cushion engagement rings,elongated cushion ring,backlog,,,,,
emerald-cut-engagement-rings,/blog/emerald-cut-engagement-rings/,4 Styles,P2,Emerald cut engagement rings,emerald cut engagement ring,backlog,,,,,
pear-shaped-engagement-rings,/blog/pear-shaped-engagement-rings/,4 Styles,P2,"Pear shaped engagement rings: the tip problem, solved",pear engagement ring,backlog,,,,,
radiant-cut-engagement-rings,/blog/radiant-cut-engagement-rings/,4 Styles,P2,Radiant cut engagement rings,radiant cut engagement ring,backlog,,,,,
marquise-engagement-rings,/blog/marquise-engagement-rings/,4 Styles,P2,Marquise engagement rings,marquise engagement ring,backlog,,,,,
three-stone-engagement-rings,/blog/three-stone-engagement-rings/,4 Styles,P2,Three stone engagement rings: side stone ratios,three stone engagement ring,backlog,,,,,
solitaire-engagement-rings,/blog/solitaire-engagement-rings/,4 Styles,P2,Solitaire engagement rings: the simplest ring is the hardest,solitaire engagement ring custom,backlog,,,,,
cigar-band-engagement-rings,/blog/cigar-band-engagement-rings/,4 Styles,P3,Cigar band and wide band engagement rings,cigar band engagement ring,backlog,,,,,
art-deco-engagement-rings,/blog/art-deco-engagement-rings/,4 Styles,P3,"Vintage inspired and Art Deco engagement rings, made new",art deco engagement ring custom,backlog,,,,,
cathedral-vs-low-profile-setting,/blog/cathedral-vs-low-profile-setting/,4 Styles,P3,Cathedral vs low-profile settings,cathedral setting vs low profile,backlog,,,,,
yellow-gold-lab-diamond-rings,/blog/yellow-gold-lab-diamond-rings/,4 Styles,P3,Yellow gold engagement rings with lab diamonds,yellow gold lab diamond ring,backlog,,,,,
mens-engagement-rings,/blog/mens-engagement-rings/,4 Styles,P3,Signet and men's engagement rings,mens engagement ring,backlog,,,,,
igi-vs-gia-lab-grown,/blog/igi-vs-gia-lab-grown/,5 Lab diamonds,P1,IGI vs GIA for lab grown diamonds in 2026,igi vs gia lab grown,published,2026-09-07,,,,
lab-diamond-vs-moissanite,/blog/lab-diamond-vs-moissanite/,5 Lab diamonds,P1,Lab diamond vs moissanite: the honest comparison,lab diamond vs moissanite,published,2026-09-07,,,,
lab-diamond-resale-value,/blog/lab-diamond-resale-value/,5 Lab diamonds,P1,Do lab grown diamonds hold their value? 2026 resale data,lab diamond resale value,backlog,,,,,
hpht-vs-cvd-diamonds,/blog/hpht-vs-cvd-diamonds/,5 Lab diamonds,P2,HPHT vs CVD lab diamonds: does it matter?,hpht vs cvd,backlog,,,,,
lab-diamond-fluorescence,/blog/lab-diamond-fluorescence/,5 Lab diamonds,P2,Lab diamond fluorescence: when it matters,lab diamond fluorescence,backlog,,,,,
tell-lab-diamond-from-natural,/blog/tell-lab-diamond-from-natural/,5 Lab diamonds,P2,How to tell a lab diamond from a natural one,how to tell lab grown from natural,backlog,,,,,
engagement-ring-stone-durability,/blog/engagement-ring-stone-durability/,5 Lab diamonds,P2,Engagement ring stone durability ranked,best gemstones for engagement rings,backlog,,,,,
diamond-alternatives-engagement-rings,/blog/diamond-alternatives-engagement-rings/,5 Lab diamonds,P2,"Diamond alternatives for engagement rings, ranked honestly",diamond alternatives engagement ring,backlog,,,,,
diamond-color-clarity-by-shape,/blog/diamond-color-clarity-by-shape/,5 Lab diamonds,P3,Diamond color and clarity: the grades that matter for each shape,best color clarity for oval,backlog,,,,,
natural-diamond-prices-2026,/blog/natural-diamond-prices-2026/,5 Lab diamonds,P3,Natural diamond prices in 2026,natural diamond price 2026,backlog,,,,,
recycled-diamond-engagement-rings,/blog/recycled-diamond-engagement-rings/,5 Lab diamonds,P3,Recycled and reclaimed diamonds,recycled diamond engagement ring,backlog,,,,,
reset-heirloom-diamond,/blog/reset-heirloom-diamond/,6 Heirloom,P1,"Resetting an heirloom diamond: cost, process, before and after",reset heirloom diamond,backlog,,,,,
redesign-heirloom-ring,/blog/redesign-heirloom-ring/,6 Heirloom,P2,"Redesigning grandma's ring: what to keep, what to change",redesign heirloom ring,backlog,,,,,
combine-two-rings-into-one,/blog/combine-two-rings-into-one/,6 Heirloom,P2,Can you combine stones from two family rings into one?,combine two rings into one,backlog,,,,,
upgrade-engagement-ring,/blog/upgrade-engagement-ring/,6 Heirloom,P3,"Upgrading an engagement ring: reset, trade up, or add a band?",upgrade engagement ring,backlog,,,,,
is-my-heirloom-diamond-real,/blog/is-my-heirloom-diamond-real/,6 Heirloom,P3,"Is my heirloom diamond real, and what is it worth?",is my diamond real,backlog,,,,,
concierge-vs-blue-nile-james-allen-local-jeweler,/blog/concierge-vs-blue-nile-james-allen-local-jeweler/,7 Comparisons,P1,Concierge vs Blue Nile / James Allen vs a local jeweler,where to buy custom engagement ring,backlog,,,,,
ring-mint-vs-ring-concierge,/blog/ring-mint-vs-ring-concierge/,7 Comparisons,P1,"Ring Mint vs Ring Concierge: different companies, different models",ring concierge alternatives,published,2026-09-07,,,,
best-online-custom-engagement-ring-designers,/blog/best-online-custom-engagement-ring-designers/,7 Comparisons,P1,Best online custom engagement ring designers in 2026,best custom engagement ring designers online,backlog,,,,,
frank-darling-alternatives,/blog/frank-darling-alternatives/,7 Comparisons,P2,Frank Darling alternatives,frank darling alternatives,backlog,,,,,
goodstone-alternatives,/blog/goodstone-alternatives/,7 Comparisons,P2,GOODSTONE alternatives,goodstone alternatives,backlog,,,,,
brilliant-earth-alternatives,/blog/brilliant-earth-alternatives/,7 Comparisons,P2,Brilliant Earth alternatives for custom rings,brilliant earth alternatives,backlog,,,,,
is-ring-mint-legit,/blog/is-ring-mint-legit/,7 Comparisons,P2,"Is Ring Mint legit? Reviews, process, what to expect",ring mint reviews,backlog,,,,,
what-is-engagement-ring-concierge,/blog/what-is-engagement-ring-concierge/,7 Comparisons,P2,What is an engagement ring concierge?,engagement ring concierge,backlog,,,,,
online-custom-jeweler-vs-etsy,/blog/online-custom-jeweler-vs-etsy/,7 Comparisons,P3,Online custom jeweler vs Etsy custom ring,etsy custom engagement ring vs jeweler,backlog,,,,,
best-place-buy-lab-diamond-ring,/blog/best-place-buy-lab-diamond-ring/,7 Comparisons,P3,Best places to buy a lab grown diamond engagement ring,best place to buy lab grown diamond ring,backlog,,,,,
holiday-proposal-ring-deadlines,/blog/holiday-proposal-ring-deadlines/,8 Logistics,P1,Christmas and New Year proposal: order-by dates for a custom ring,christmas proposal ring deadline,published,2026-09-07,2027-08-15,,,
engagement-ring-timeline,/blog/engagement-ring-timeline/,8 Logistics,P2,Engagement ring timeline: when to start,when to buy engagement ring before proposal,backlog,,,,,
valentines-proposal-ring-timeline,/blog/valentines-proposal-ring-timeline/,8 Logistics,P2,Valentine's Day proposal timeline,valentines engagement ring order by,backlog,,2027-09-15,,,
placeholder-engagement-ring,/blog/placeholder-engagement-ring/,8 Logistics,P2,Should you propose with a placeholder ring?,placeholder engagement ring,backlog,,,,,
engagement-ring-shopping-together,/blog/engagement-ring-shopping-together/,8 Logistics,P3,Engagement ring shopping together vs surprise,engagement ring shopping together,backlog,,,,,
clean-lab-diamond-ring,/blog/clean-lab-diamond-ring/,8 Logistics,P3,How to care for a lab diamond ring,how to clean lab diamond ring,backlog,,,,,
she-doesnt-like-the-ring,/blog/she-doesnt-like-the-ring/,8 Logistics,P3,What to do if she does not like the ring,she doesnt like the engagement ring,backlog,,,,,
gemstones,/gemstones/,10 Gemstones,P1,Gemstone library (hub),engagement ring gemstones,backlog,,,,,
sapphire-engagement-rings,/gemstones/sapphire-engagement-rings/,10 Gemstones,P1,Sapphire engagement rings,sapphire engagement ring,backlog,,,,,
teal-sapphire-engagement-rings,/gemstones/teal-sapphire-engagement-rings/,10 Gemstones,P1,Teal sapphire engagement rings,teal sapphire engagement ring,backlog,,,,,
alexandrite-engagement-rings,/gemstones/alexandrite-engagement-rings/,10 Gemstones,P1,Alexandrite engagement rings,alexandrite engagement ring,backlog,,,,,
spinel-engagement-rings,/gemstones/spinel-engagement-rings/,10 Gemstones,P1,Spinel engagement rings,spinel engagement ring,backlog,,,,,
emerald-engagement-rings,/gemstones/emerald-engagement-rings/,10 Gemstones,P1,Emerald engagement rings,emerald engagement ring,backlog,,,,,
moissanite-engagement-rings,/gemstones/moissanite-engagement-rings/,10 Gemstones,P1,Moissanite engagement rings,moissanite engagement ring,backlog,,,,,
colored-lab-diamond-engagement-rings,/gemstones/colored-lab-diamond-engagement-rings/,10 Gemstones,P1,Colored lab diamond engagement rings,colored lab diamond engagement ring,backlog,,,,,
ruby-engagement-rings,/gemstones/ruby-engagement-rings/,10 Gemstones,P2,Ruby engagement rings,ruby engagement ring,backlog,,,,,
padparadscha-sapphire-engagement-rings,/gemstones/padparadscha-sapphire-engagement-rings/,10 Gemstones,P2,Padparadscha sapphire engagement rings,padparadscha sapphire engagement ring,backlog,,,,,
peach-sapphire-engagement-rings,/gemstones/peach-sapphire-engagement-rings/,10 Gemstones,P2,Peach sapphire engagement rings,peach sapphire engagement ring,backlog,,,,,
pink-sapphire-engagement-rings,/gemstones/pink-sapphire-engagement-rings/,10 Gemstones,P2,Pink sapphire engagement rings,pink sapphire engagement ring,backlog,,,,,
yellow-sapphire-engagement-rings,/gemstones/yellow-sapphire-engagement-rings/,10 Gemstones,P2,Yellow sapphire engagement rings,yellow sapphire engagement ring,backlog,,,,,
white-sapphire-engagement-rings,/gemstones/white-sapphire-engagement-rings/,10 Gemstones,P2,White sapphire engagement rings,white sapphire engagement ring,backlog,,,,,
tourmaline-engagement-rings,/gemstones/tourmaline-engagement-rings/,10 Gemstones,P2,Tourmaline engagement rings,tourmaline engagement ring,backlog,,,,,
paraiba-tourmaline-engagement-rings,/gemstones/paraiba-tourmaline-engagement-rings/,10 Gemstones,P2,Paraiba tourmaline engagement rings,paraiba tourmaline engagement ring,backlog,,,,,
aquamarine-engagement-rings,/gemstones/aquamarine-engagement-rings/,10 Gemstones,P2,Aquamarine engagement rings,aquamarine engagement ring,backlog,,,,,
morganite-engagement-rings,/gemstones/morganite-engagement-rings/,10 Gemstones,P2,Morganite engagement rings,morganite engagement ring,backlog,,,,,
tanzanite-engagement-rings,/gemstones/tanzanite-engagement-rings/,10 Gemstones,P2,Tanzanite engagement rings,tanzanite engagement ring,backlog,,,,,
tsavorite-garnet-engagement-rings,/gemstones/tsavorite-garnet-engagement-rings/,10 Gemstones,P2,Tsavorite garnet engagement rings,tsavorite garnet engagement ring,backlog,,,,,
garnet-engagement-rings,/gemstones/garnet-engagement-rings/,10 Gemstones,P2,Garnet engagement rings,garnet engagement ring,backlog,,,,,
opal-engagement-rings,/gemstones/opal-engagement-rings/,10 Gemstones,P2,Opal engagement rings,opal engagement ring,backlog,,,,,
moonstone-engagement-rings,/gemstones/moonstone-engagement-rings/,10 Gemstones,P2,Moonstone engagement rings,moonstone engagement ring,backlog,,,,,
salt-and-pepper-diamond-engagement-rings,/gemstones/salt-and-pepper-diamond-engagement-rings/,10 Gemstones,P2,Salt and pepper diamond engagement rings,salt and pepper diamond engagement ring,backlog,,,,,
champagne-diamond-engagement-rings,/gemstones/champagne-diamond-engagement-rings/,10 Gemstones,P2,Champagne diamond engagement rings,champagne diamond engagement ring,backlog,,,,,
black-diamond-engagement-rings,/gemstones/black-diamond-engagement-rings/,10 Gemstones,P2,Black diamond engagement rings,black diamond engagement ring,backlog,,,,,
amethyst-engagement-rings,/gemstones/amethyst-engagement-rings/,10 Gemstones,P3,Amethyst engagement rings,amethyst engagement ring,backlog,,,,,
citrine-engagement-rings,/gemstones/citrine-engagement-rings/,10 Gemstones,P3,Citrine engagement rings,citrine engagement ring,backlog,,,,,
blue-topaz-engagement-rings,/gemstones/blue-topaz-engagement-rings/,10 Gemstones,P3,Blue topaz engagement rings,blue topaz engagement ring,backlog,,,,,
imperial-topaz-engagement-rings,/gemstones/imperial-topaz-engagement-rings/,10 Gemstones,P3,Imperial topaz engagement rings,imperial topaz engagement ring,backlog,,,,,
peridot-engagement-rings,/gemstones/peridot-engagement-rings/,10 Gemstones,P3,Peridot engagement rings,peridot engagement ring,backlog,,,,,
zircon-engagement-rings,/gemstones/zircon-engagement-rings/,10 Gemstones,P3,Zircon engagement rings,zircon engagement ring,backlog,,,,,
chrysoberyl-engagement-rings,/gemstones/chrysoberyl-engagement-rings/,10 Gemstones,P3,Chrysoberyl engagement rings,chrysoberyl engagement ring,backlog,,,,,
iolite-engagement-rings,/gemstones/iolite-engagement-rings/,10 Gemstones,P3,Iolite engagement rings,iolite engagement ring,backlog,,,,,
kunzite-engagement-rings,/gemstones/kunzite-engagement-rings/,10 Gemstones,P3,Kunzite engagement rings,kunzite engagement ring,backlog,,,,,
sunstone-engagement-rings,/gemstones/sunstone-engagement-rings/,10 Gemstones,P3,Sunstone engagement rings,sunstone engagement ring,backlog,,,,,
labradorite-engagement-rings,/gemstones/labradorite-engagement-rings/,10 Gemstones,P3,Labradorite engagement rings,labradorite engagement ring,backlog,,,,,
jade-engagement-rings,/gemstones/jade-engagement-rings/,10 Gemstones,P3,Jade engagement rings,jade engagement ring,backlog,,,,,
pearl-engagement-rings,/gemstones/pearl-engagement-rings/,10 Gemstones,P3,Pearl engagement rings,pearl engagement ring,backlog,,,,,
lab-created-sapphire-engagement-rings,/gemstones/lab-created-sapphire-engagement-rings/,10 Gemstones,P3,Lab created sapphire engagement rings,lab created sapphire engagement ring,backlog,,,,,
lab-created-ruby-engagement-rings,/gemstones/lab-created-ruby-engagement-rings/,10 Gemstones,P3,Lab created ruby engagement rings,lab created ruby engagement ring,backlog,,,,,
lab-created-emerald-engagement-rings,/gemstones/lab-created-emerald-engagement-rings/,10 Gemstones,P3,Lab created emerald engagement rings,lab created emerald engagement ring,backlog,,,,,
lab-created-alexandrite-engagement-rings,/gemstones/lab-created-alexandrite-engagement-rings/,10 Gemstones,P3,Lab created alexandrite engagement rings,lab created alexandrite engagement ring,backlog,,,,,
january-birthstone-engagement-rings,/gemstones/january-birthstone-engagement-rings/,10 Gemstones,P3,January birthstone engagement rings,january birthstone ring,backlog,,,,,
february-birthstone-engagement-rings,/gemstones/february-birthstone-engagement-rings/,10 Gemstones,P3,February birthstone engagement rings,february birthstone ring,backlog,,,,,
march-birthstone-engagement-rings,/gemstones/march-birthstone-engagement-rings/,10 Gemstones,P3,March birthstone engagement rings,march birthstone ring,backlog,,,,,
april-birthstone-engagement-rings,/gemstones/april-birthstone-engagement-rings/,10 Gemstones,P3,April birthstone engagement rings,april birthstone ring,backlog,,,,,
may-birthstone-engagement-rings,/gemstones/may-birthstone-engagement-rings/,10 Gemstones,P3,May birthstone engagement rings,may birthstone ring,backlog,,,,,
june-birthstone-engagement-rings,/gemstones/june-birthstone-engagement-rings/,10 Gemstones,P3,June birthstone engagement rings,june birthstone ring,backlog,,,,,
july-birthstone-engagement-rings,/gemstones/july-birthstone-engagement-rings/,10 Gemstones,P3,July birthstone engagement rings,july birthstone ring,backlog,,,,,
august-birthstone-engagement-rings,/gemstones/august-birthstone-engagement-rings/,10 Gemstones,P3,August birthstone engagement rings,august birthstone ring,backlog,,,,,
september-birthstone-engagement-rings,/gemstones/september-birthstone-engagement-rings/,10 Gemstones,P3,September birthstone engagement rings,september birthstone ring,backlog,,,,,
october-birthstone-engagement-rings,/gemstones/october-birthstone-engagement-rings/,10 Gemstones,P3,October birthstone engagement rings,october birthstone ring,backlog,,,,,
november-birthstone-engagement-rings,/gemstones/november-birthstone-engagement-rings/,10 Gemstones,P3,November birthstone engagement rings,november birthstone ring,backlog,,,,,
december-birthstone-engagement-rings,/gemstones/december-birthstone-engagement-rings/,10 Gemstones,P3,December birthstone engagement rings,december birthstone ring,backlog,,,,,
diamond-shapes,/diamond-shapes/,10 Shapes,P2,Diamond shapes (hub),diamond shapes,backlog,,,,,
round-brilliant-diamonds,/diamond-shapes/round-brilliant-diamonds/,10 Shapes,P2,Round brilliant diamonds,round brilliant diamond,backlog,,,,,
oval-diamonds,/diamond-shapes/oval-diamonds/,10 Shapes,P2,Oval diamonds,oval diamond,backlog,,,,,
cushion-diamonds,/diamond-shapes/cushion-diamonds/,10 Shapes,P2,Cushion diamonds,cushion diamond,backlog,,,,,
emerald-cut-diamonds,/diamond-shapes/emerald-cut-diamonds/,10 Shapes,P2,Emerald cut diamonds,emerald cut diamond,backlog,,,,,
radiant-diamonds,/diamond-shapes/radiant-diamonds/,10 Shapes,P2,Radiant diamonds,radiant diamond,backlog,,,,,
pear-diamonds,/diamond-shapes/pear-diamonds/,10 Shapes,P2,Pear diamonds,pear diamond,backlog,,,,,
marquise-diamonds,/diamond-shapes/marquise-diamonds/,10 Shapes,P2,Marquise diamonds,marquise diamond,backlog,,,,,
princess-diamonds,/diamond-shapes/princess-diamonds/,10 Shapes,P2,Princess diamonds,princess diamond,backlog,,,,,
asscher-diamonds,/diamond-shapes/asscher-diamonds/,10 Shapes,P2,Asscher diamonds,asscher diamond,backlog,,,,,
heart-diamonds,/diamond-shapes/heart-diamonds/,10 Shapes,P2,Heart diamonds,heart diamond,backlog,,,,,
old-european-cut-diamonds,/diamond-shapes/old-european-cut-diamonds/,10 Shapes,P2,Old european cut diamonds,old european cut diamond,backlog,,,,,
rose-cut-diamonds,/diamond-shapes/rose-cut-diamonds/,10 Shapes,P2,Rose cut diamonds,rose cut diamond,backlog,,,,,
kite-and-hexagon-diamonds,/diamond-shapes/kite-and-hexagon-diamonds/,10 Shapes,P2,Kite and hexagon diamonds,kite and hexagon diamond,backlog,,,,,
baguette-diamonds,/diamond-shapes/baguette-diamonds/,10 Shapes,P2,Baguette diamonds,baguette diamond,backlog,,,,,
wedding-bands,/wedding-bands/,11 Bands,P1,Wedding bands (hub),custom wedding bands,backlog,,,,,
fitted-wedding-bands,/blog/fitted-wedding-bands/,11 Bands,P1,Wedding bands that fit a custom engagement ring,fitted wedding band,backlog,,,,,
eternity-band-cost,/blog/eternity-band-cost/,11 Bands,P1,Eternity band cost in 2026,eternity band cost,backlog,,,,,
wedding-band-for-oval-ring,/blog/wedding-band-for-oval-ring/,11 Bands,P2,Wedding band for an oval engagement ring,wedding band for oval engagement ring,backlog,,,,,
wedding-band-for-pear-ring,/blog/wedding-band-for-pear-ring/,11 Bands,P2,Wedding band for a pear shaped engagement ring,band for pear shaped ring,backlog,,,,,
wedding-band-for-emerald-cut-ring,/blog/wedding-band-for-emerald-cut-ring/,11 Bands,P2,Wedding band for an emerald cut engagement ring,band for emerald cut ring,backlog,,,,,
wedding-band-for-toi-et-moi-ring,/blog/wedding-band-for-toi-et-moi-ring/,11 Bands,P2,Wedding band for a toi et moi ring,toi et moi wedding band,backlog,,,,,
mens-wedding-bands,/blog/mens-wedding-bands/,11 Bands,P2,"Men's wedding bands: metals, widths, custom options",mens wedding bands,backlog,,,,,
stacking-wedding-bands,/blog/stacking-wedding-bands/,11 Bands,P2,Stacking bands and ring stacks,stacking wedding bands,backlog,,,,,
anniversary-rings,/blog/anniversary-rings/,11 Bands,P2,"Anniversary rings: what to buy at 1, 5, 10 and 25 years",anniversary ring,backlog,,,,,
plain-gold-wedding-bands,/blog/plain-gold-wedding-bands/,11 Bands,P3,Plain gold wedding bands: 14k vs 18k vs platinum,plain gold wedding band,backlog,,,,,
engraved-wedding-bands,/blog/engraved-wedding-bands/,11 Bands,P3,Engraved wedding bands: hand vs machine,engraved wedding band custom,backlog,,,,,
solder-wedding-band-to-engagement-ring,/blog/solder-wedding-band-to-engagement-ring/,11 Bands,P3,Can you solder a wedding band to an engagement ring?,solder wedding band to engagement ring,backlog,,,,,
ring-size-guide,/ring-size-guide/,12 Reference,P1,Ring size chart and guide (hub),ring size chart,backlog,,,,,
measure-ring-size-at-home,/ring-size-guide/measure-ring-size-at-home/,12 Reference,P2,How to measure ring size at home,how to measure ring size at home,backlog,,,,,
average-ring-size,/ring-size-guide/average-ring-size/,12 Reference,P2,Average ring size for women and men,average ring size,backlog,,,,,
ring-size-changes,/ring-size-guide/ring-size-changes/,12 Reference,P2,How ring size changes with weather and weight,ring size changes,backlog,,,,,
wide-band-sizing,/ring-size-guide/wide-band-sizing/,12 Reference,P2,Sizing for wide bands and comfort fit,wide band ring sizing,backlog,,,,,
diamond-guide,/diamond-guide/,12 Reference,P2,Diamond 4Cs guide (hub),diamond 4cs,backlog,,,,,
diamond-color-chart,/diamond-guide/diamond-color-chart/,12 Reference,P2,Diamond color chart,diamond color chart,backlog,,,,,
diamond-clarity-chart,/diamond-guide/diamond-clarity-chart/,12 Reference,P2,Diamond clarity chart,diamond clarity chart,backlog,,,,,
diamond-cut-grade,/diamond-guide/diamond-cut-grade/,12 Reference,P2,Diamond cut grade explained,diamond cut grade,backlog,,,,,
carat-size-on-hand,/diamond-guide/carat-size-on-hand/,12 Reference,P2,Carat size chart on a real hand,1.5 carat diamond on hand,backlog,,,,,
carat-to-mm-chart,/diamond-guide/carat-to-mm-chart/,12 Reference,P2,Carat to mm chart by shape,carat to mm chart,backlog,,,,,
how-to-read-gia-report,/diamond-guide/how-to-read-gia-report/,12 Reference,P2,How to read a GIA report,how to read gia certificate,backlog,,,,,
how-to-read-igi-report,/diamond-guide/how-to-read-igi-report/,12 Reference,P2,How to read an IGI report,igi certificate explained,backlog,,,,,
diamond-inscription-lookup,/diamond-guide/diamond-inscription-lookup/,12 Reference,P2,Laser inscription lookup,diamond inscription lookup,backlog,,,,,
diamond-price-per-carat-chart,/diamond-guide/diamond-price-per-carat-chart/,12 Reference,P2,Diamond price per carat chart,diamond price per carat,backlog,,,,,
diamond-fluorescence,/diamond-guide/diamond-fluorescence/,12 Reference,P2,Fluorescence explained,diamond fluorescence,backlog,,,,,
hearts-and-arrows,/diamond-guide/hearts-and-arrows/,12 Reference,P2,Hearts and arrows and ideal cut,hearts and arrows diamond,backlog,,,,,
bow-tie-effect,/diamond-guide/bow-tie-effect/,12 Reference,P2,The bow-tie effect,bow tie effect diamond,backlog,,,,,
metals,/metals/,12 Reference,P2,Metals guide (hub),engagement ring metals,backlog,,,,,
platinum-vs-white-gold,/metals/platinum-vs-white-gold/,12 Reference,P2,Platinum vs white gold,platinum vs white gold,backlog,,,,,
14k-vs-18k-gold,/metals/14k-vs-18k-gold/,12 Reference,P2,14k vs 18k gold,14k vs 18k gold ring,backlog,,,,,
yellow-gold-engagement-rings,/metals/yellow-gold-engagement-rings/,12 Reference,P2,Yellow gold engagement rings,yellow gold engagement ring,backlog,,,,,
rose-gold-engagement-rings,/metals/rose-gold-engagement-rings/,12 Reference,P2,Rose gold engagement rings,rose gold engagement ring,backlog,,,,,
recycled-gold,/metals/recycled-gold/,12 Reference,P2,What recycled gold means,recycled gold jewelry,backlog,,,,,
hypoallergenic-rings,/metals/hypoallergenic-rings/,12 Reference,P2,Nickel allergy and hypoallergenic rings,hypoallergenic engagement ring,backlog,,,,,
glossary,/glossary/,12 Reference,P2,"Jewelry glossary (hub, 60 to 80 terms)",jewelry terms glossary,backlog,,,,,
engagement-ring-trends,/engagement-ring-trends/,13 News,P1,Engagement ring trends 2027 (annual URL),engagement ring trends 2027,backlog,,2027-10-01,,,
black-friday-jewelry-sales,/blog/black-friday-jewelry-sales/,13 News,P1,Black Friday jewelry sales: what discounts are real,black friday engagement ring deals,backlog,,2027-10-01,,,
engagement-season,/blog/engagement-season/,13 News,P2,Engagement season explained,engagement season,backlog,,,,,
signet-blue-nile-james-allen-merger,/blog/signet-blue-nile-james-allen-merger/,13 News,P2,What the Signet / Blue Nile / James Allen consolidation means for shoppers,james allen blue nile merger,backlog,,,,,
gia-lab-grown-grading-change,/blog/gia-lab-grown-grading-change/,13 News,P2,GIA's lab grown grading change explained,gia lab grown grading,backlog,,,,,
engagement-ring-spending-survey,/blog/engagement-ring-spending-survey/,14 Data studies,P2,What Americans actually spend on engagement rings in 2026 (survey),how much do people spend on engagement rings,backlog,,,,,
engagement-ring-markup-study,/blog/engagement-ring-markup-study/,14 Data studies,P2,The engagement ring markup study (quarterly),engagement ring markup,backlog,,,,,
cheap-lab-diamond-quality-audit,/blog/cheap-lab-diamond-quality-audit/,14 Data studies,P3,Lab diamond quality audit: 30 stones at the lowest prices,cheap lab diamonds quality,backlog,,,,,
custom-tennis-bracelet,/blog/custom-tennis-bracelet/,9 Beyond rings,P3,Custom tennis bracelets,custom tennis bracelet,backlog,,,,,
lab-diamond-studs-by-budget,/blog/lab-diamond-studs-by-budget/,9 Beyond rings,P3,Lab diamond studs by budget,lab diamond studs,backlog,,,,,
custom-pendant,/blog/custom-pendant/,9 Beyond rings,P3,Custom pendants and necklaces,custom diamond pendant,backlog,,,,,
rings,/rings/,Case studies,P1,Portfolio / case studies (hub),custom engagement ring examples,backlog,,,,,
